{
    "cam_calibration": {
        "dist": [
            [
                -0.4859571518874278,
                -1.028142936481934,
                0.005469382186737723,
                -0.004800497966926103,
                10.673757401391644
            ]
        ],
        "mtx": [
            [
                797.4856633407753,
                0.0,
                321.8006162573236
            ],
            [
                0.0,
                797.4168378408206,
                205.6810462196142
            ],
            [
                0.0,
                0.0,
                1.0
            ]
        ],
        "thresholdValue": 195
    },
    "objects_order": [
        {
            "color": "blue",
            "id": 1
        },
        {
            "color": "yellow",
            "id": 2
        },
        {
            "color": "orange",
            "id": 3
        }
    ],
    "pos_calibration": {
        "T": [
            [
                -0.0010041495917400662,
                -0.0008285510533784917,
                0.13573397540025672
            ],
            [
                -0.000867734689773999,
                0.0008974718876833576,
                -0.5340411452647199
            ],
            [
                0.00011704696215828514,
                0.00010794687504391908,
                1.0
            ]
        ],
        "distRatio": 0.0011807016283352431
    }
}