{
    "cam_calibration": {
        "dist": [
            [
                -0.4859571518874278,
                -1.028142936481934,
                0.005469382186737723,
                -0.004800497966926103,
                10.673757401391644
            ]
        ],
        "mtx": [
            [
                797.4856633407753,
                0.0,
                321.8006162573236
            ],
            [
                0.0,
                797.4168378408206,
                205.6810462196142
            ],
            [
                0.0,
                0.0,
                1.0
            ]
        ],
        "thresholdValue": 208
    },
    "objects_order": [
        {
            "color": "white",
            "id": 1
        }
    ],
    "pos_calibration": {
        "T": [
            [
                -0.0008333219245986003,
                0.0007205531318420305,
                -0.5137319630995426
            ],
            [
                -0.0007329248798635922,
                -0.0008103336107969431,
                0.06125432421971228
            ],
            [
                3.7017964117506426e-05,
                6.800932315353709e-06,
                1.0
            ]
        ],
        "distRatio": 0.0010677365511758004,
	"objectHeight": 0.198
    }
}