{
    "cam_calibration": {
        "dist": [
            [
                -0.5229455091237323,
                0.4122286639754968,
                0.00134748632703772,
                -0.0010581702095337512,
                -0.28920346540406183
            ]
        ],
        "mtx": [
            [
                749.921962824104,
                0.0,
                315.64858140229603
            ],
            [
                0.0,
                750.5780677746949,
                225.2507663492858
            ],
            [
                0.0,
                0.0,
                1.0
            ]
        ],
        "thresholdValue": 190
    },
    "objects_order": [
        {
            "color": "white",
            "id": 1
        }
    ],
    "pos_calibration": {
        "T": [
            [
                -0.0007133743274460809,
                -0.0006694045139870212,
                0.0744969905868346
            ],
            [
                -0.0006560025838847392,
                0.0007419508608589018,
                -0.5244652906485654
            ],
            [
                -3.2149189058854306e-05,
                -3.158092225687133e-05,
                1.0
            ]
        ],
        "distRatio": 0.0010082987918640378,
        "objectHeight": 0.196
    }
}