{
    "cam_calibration": {
        "dist": [
            [
                -0.537966463149411,
                0.4936900262644987,
                0.0051137160774079775,
                -0.0033779676940896637,
                -0.2816145818339306
            ]
        ],
        "mtx": [
            [
                785.6704846568589,
                0.0,
                322.10100075621153
            ],
            [
                0.0,
                785.6511206622174,
                205.6064103890701
            ],
            [
                0.0,
                0.0,
                1.0
            ]
        ],
        "thresholdValue": 195
    },
    "objects_order": [
        {
            "color": "blue",
            "id": 1
        },
        {
            "color": "yellow",
            "id": 2
        },
        {
            "color": "orange",
            "id": 3
        }
    ],
    "pos_calibration": {
        "T": [
            [
                -0.0010041495917400662,
                -0.0008285510533784917,
                0.13573397540025672
            ],
            [
                -0.000867734689773999,
                0.0008974718876833576,
                -0.5340411452647199
            ],
            [
                0.00011704696215828514,
                0.00010794687504391908,
                1.0
            ]
        ],
        "distRatio": 0.0011807016283352431
    }
}